{"alt.atheism": 0.02676977989292088, "comp.graphics": 0.02676977989292088, "comp.os.ms-windows.misc": 0.02676977989292088, "comp.sys.ibm.pc.hardware": 0.02676977989292088, "comp.sys.mac.hardware": 0.02676977989292088, "comp.windows.x": 0.02676977989292088, "misc.forsale": 0.02676977989292088, "rec.autos": 0.02676977989292088, "rec.motorcycles": 0.02676977989292088, "rec.sport.baseball": 0.02676977989292088, "rec.sport.hockey": 0.02676977989292088, "sci.crypt": 0.02676977989292088, "sci.electronics": 0.02676977989292088, "sci.med": 0.02676977989292088, "sci.space": 0.02676977989292088, "soc.religion.christian": 0.026650803093396788, "talk.politics.guns": 0.02676977989292088, "talk.politics.mideast": 0.02676977989292088, "talk.politics.misc": 0.02676977989292088, "talk.religion.misc": 0.02676977989292088}